source_key,data_sid,title_ko,date_start,date_end,venue,address,source_detail_url,official_event_url,ticket_url,social_url,external_url_type,image_url,listed_months,linked_festival_source_id,link_confidence,link_method,latitude,longitude,status,edition_year_changed,schedule_change_note
VisitBusanSchedule:5125:ko,5125,부산항과 재즈의 만남(2026 BUSAN JAZZ PORT),2026-01-24,2026-03-28,스페이스 원지,부산광역시 영도구 봉래나루로 214,https://www.visitbusan.net/kr/schedule/view.do?boardId=BBS_0000009&menuCd=DOM_000000204012000000&dataSid=5125,,,,,https://www.visitbusan.net/upload_data/board_data/BBS_0000009/176878622258420.jpg,01|02|03,,none,none,,,archived,false,
VisitBusanSchedule:5057:ko,5057,「광안리 M 드론라이트쇼」 1월 공연 프로그램 안내,2026-01-03,2026-01-31,광안리해변,,https://www.visitbusan.net/kr/schedule/view.do?boardId=BBS_0000009&menuCd=DOM_000000204012000000&dataSid=5057,,,,,https://www.visitbusan.net/upload_data/board_data/BBS_0000009/176655485883667.png,01,,none,none,,,archived,false,
VisitBusanSchedule:5073:ko,5073,2026 부산 시민의 종 타종행사,2025-12-31,2026-01-01,용두산공원 일원,,https://www.visitbusan.net/kr/schedule/view.do?boardId=BBS_0000009&menuCd=DOM_000000204012000000&dataSid=5073,https://festivalbusan.com/busanbell/,,,organizer,https://www.visitbusan.net/upload_data/board_data/BBS_0000009/176707211380317.jpg,01,406,low,url_domain_only,,,manual_link_review,false,
VisitBusanSchedule:5055:ko,5055,"굿바이 2025, 헬로 2026! 부산슈퍼 연말 연시 감사 세일",2025-12-24,2026-01-04,부산슈퍼 청사포점,부산 해운대구 청사포로 120 2층,https://www.visitbusan.net/kr/schedule/view.do?boardId=BBS_0000009&menuCd=DOM_000000204012000000&dataSid=5055,,,,,https://www.visitbusan.net/upload_data/board_data/BBS_0000009/176654144538791.jpg,01,,none,none,,,archived,false,
VisitBusanSchedule:5014:ko,5014,2025 광복로 겨울빛 트리축제,2025-12-05,2026-02-22,"부산 광복로, 광복중앙로 일원",,https://www.visitbusan.net/kr/schedule/view.do?boardId=BBS_0000009&menuCd=DOM_000000204012000000&dataSid=5014,,,,,https://www.visitbusan.net/upload_data/board_data/BBS_0000009/176481545391132.png,01|02,449,medium,title_exact,35.09927,129.03131,archived,false,
VisitBusanSchedule:4837:ko,4837,2025 서면 빛 축제,2025-10-13,2026-02-14,"서면 일원(중앙대로691번길, 서면로, 신천대로62번길 일원)",,https://www.visitbusan.net/kr/schedule/view.do?boardId=BBS_0000009&menuCd=DOM_000000204012000000&dataSid=4837,,,,,https://www.visitbusan.net/upload_data/board_data/BBS_0000009/176058675988681.png,01|02,2136,medium,title_exact,35.15347,129.05841,archived,false,
VisitBusanSchedule:5148:ko,5148,광안리 M 드론라이트쇼 설 특별공연 안내,2026-02-14,2026-02-14,광안리 해변,,https://www.visitbusan.net/kr/schedule/view.do?boardId=BBS_0000009&menuCd=DOM_000000204012000000&dataSid=5148,,,,,https://www.visitbusan.net/upload_data/board_data/BBS_0000009/176974887602116.jpg,02,,none,none,,,archived,false,
VisitBusanSchedule:5211:ko,5211,용두산빌리지 ‘귀신 복주머니 이벤트’,2026-02-14,2026-02-18,용두산빌리지(부산타워 앞),부산 중구 용두산길 37-27 용두산공원,https://www.visitbusan.net/kr/schedule/view.do?boardId=BBS_0000009&menuCd=DOM_000000204012000000&dataSid=5211,,,,,https://www.visitbusan.net/upload_data/board_data/BBS_0000009/177079332433603.png,02,,none,none,,,archived,false,
VisitBusanSchedule:5131:ko,5131,「광안리 M 드론라이트쇼」 2월 공연 프로그램 안내,2026-02-07,2026-02-28,광안리해변,,https://www.visitbusan.net/kr/schedule/view.do?boardId=BBS_0000009&menuCd=DOM_000000204012000000&dataSid=5131,,,,,https://www.visitbusan.net/upload_data/board_data/BBS_0000009/176907114169116.jpg,02,,none,none,,,archived,false,
VisitBusanSchedule:5128:ko,5128,2025 부산학생건축페스티벌 제5회 ‘VOL.4 EXHIBITION’,2026-02-06,2026-02-08,부산 유라시아 플랫폼 109호,부산광역시 동구 중앙대로 210,https://www.visitbusan.net/kr/schedule/view.do?boardId=BBS_0000009&menuCd=DOM_000000204012000000&dataSid=5128,https://forms.gle/prXp27PCb5Hw6ppW7,,,organizer,https://www.visitbusan.net/upload_data/board_data/BBS_0000009/176904523050801.jpg,02,,none,none,,,archived,false,
VisitBusanSchedule:5296:ko,5296,오륙도 투나잇 걷기축제,2026-03-28,2026-03-29,,,https://www.visitbusan.net/kr/schedule/view.do?boardId=BBS_0000009&menuCd=DOM_000000204012000000&dataSid=5296,http://www.galmaetgil.org/,,,organizer,https://www.visitbusan.net/upload_data/board_data/BBS_0000009/177336673265418.png,03,,none,none,,,archived,false,
VisitBusanSchedule:5331:ko,5331,다대포 러너지원공간 개소식「달려라부산 러닝데이!」,2026-03-28,2026-03-28,다대포 해변공원 인조잔디 구장,,https://www.visitbusan.net/kr/schedule/view.do?boardId=BBS_0000009&menuCd=DOM_000000204012000000&dataSid=5331,,,,,https://www.visitbusan.net/upload_data/board_data/BBS_0000009/177441626505674.png,03,,none,none,,,archived,false,
VisitBusanSchedule:5300:ko,5300,부산 커피 클럽,2026-03-27,2026-03-29,블루포트2021,부산 영도구 봉래나루로 138,https://www.visitbusan.net/kr/schedule/view.do?boardId=BBS_0000009&menuCd=DOM_000000204012000000&dataSid=5300,,,,,https://www.visitbusan.net/upload_data/board_data/BBS_0000009/177379980518480.jpeg,03,,none,none,,,archived,false,
VisitBusanSchedule:5267:ko,5267,광안리 M 드론라이트쇼 3월 프로그램 안내,2026-03-07,2026-03-28,광안리 해변,,https://www.visitbusan.net/kr/schedule/view.do?boardId=BBS_0000009&menuCd=DOM_000000204012000000&dataSid=5267,https://www.gwangallimdrone.co.kr/,,,organizer,https://www.visitbusan.net/upload_data/board_data/BBS_0000009/177217576752532.jpg,03,,none,none,,,archived,false,
VisitBusanSchedule:5475:ko,5475,초대형 야외 방탈출 게임 더 스카우트 in 부산,2026-04-24,2026-05-05,부산광역시 전역,,https://www.visitbusan.net/kr/schedule/view.do?boardId=BBS_0000009&menuCd=DOM_000000204012000000&dataSid=5475,https://scout-busan.realworld.to/,,,organizer,https://www.visitbusan.net/upload_data/board_data/BBS_0000009/177614827505694.png,04|05,,none,none,,,archived,false,
VisitBusanSchedule:5391:ko,5391,2026 부산국제보트쇼,2026-04-17,2026-04-19,벡스코 제1전시장 & 해상전시장,,https://www.visitbusan.net/kr/schedule/view.do?boardId=BBS_0000009&menuCd=DOM_000000204012000000&dataSid=5391,,,,,https://www.visitbusan.net/upload_data/board_data/BBS_0000009/177492003238676.jpg,04,,none,none,,,archived,false,
VisitBusanSchedule:5576:ko,5576,2026 루프 랩 부산,2026-04-16,2026-06-28,,,https://www.visitbusan.net/kr/schedule/view.do?boardId=BBS_0000009&menuCd=DOM_000000204012000000&dataSid=5576,https://looplabbusan.kr/,,,organizer,https://www.visitbusan.net/upload_data/board_data/BBS_0000009/177684668447703.jpg,04|05|06,,none,none,,,archived,false,
VisitBusanSchedule:5524:ko,5524,부산행 축제대전,2026-04-13,2026-12-31,,,https://www.visitbusan.net/kr/schedule/view.do?boardId=BBS_0000009&menuCd=DOM_000000204012000000&dataSid=5524,https://www.korail.com,,,organizer,https://www.visitbusan.net/upload_data/board_data/BBS_0000009/177632509478943.jpg,04|05|06|07|08|09|10|11|12,,none,none,,,official_check_required,false,
VisitBusanSchedule:5291:ko,5291,제22회 부산 도시농업박람회,2026-04-09,2026-04-12,대저생태공원 유채꽃 경관단지,,https://www.visitbusan.net/kr/schedule/view.do?boardId=BBS_0000009&menuCd=DOM_000000204012000000&dataSid=5291,,,,,https://www.visitbusan.net/upload_data/board_data/BBS_0000009/177321820785668.jpg,04,,none,none,,,archived,false,
VisitBusanSchedule:5451:ko,5451,2026 대한민국 숙박세일 페스타,2026-04-08,2026-04-30,"비수도권 지역(서울, 경기, 인천, 세종 제외)",,https://www.visitbusan.net/kr/schedule/view.do?boardId=BBS_0000009&menuCd=DOM_000000204012000000&dataSid=5451,https://ktostay.visitkorea.or.kr,,,organizer,https://www.visitbusan.net/upload_data/board_data/BBS_0000009/177564558502388.jpg,04,,none,none,,,archived,false,
VisitBusanSchedule:5333:ko,5333,「광안리 M 드론라이트쇼」 4월 공연 프로그램 안내,2026-04-04,2026-04-25,광안리 해변,,https://www.visitbusan.net/kr/schedule/view.do?boardId=BBS_0000009&menuCd=DOM_000000204012000000&dataSid=5333,,,,,https://www.visitbusan.net/upload_data/board_data/BBS_0000009/177441690401323.png,04,,none,none,,,archived,false,
VisitBusanSchedule:5380:ko,5380,제6회 구룡마을 벚꽃축제,2026-04-03,2026-04-03,"아미르 공원, 동삼해수천 일원",부산광역시 영도구 해양로301번길 55 (동삼동) 아미르공원,https://www.visitbusan.net/kr/schedule/view.do?boardId=BBS_0000009&menuCd=DOM_000000204012000000&dataSid=5380,,,,,https://www.visitbusan.net/upload_data/board_data/BBS_0000009/177485968940128.jpg,04,,none,none,,,archived,false,
VisitBusanSchedule:5287:ko,5287,2026 시민뜨락축제,2026-04-03,2026-05-31,"부산시민회관, 롯데프리미엄아울렛 동부산점",부산시민회관: 부산광역시 동구 자성로 133번길 16 롯데프리미엄아울렛 동부산점: 부산광역시 기장군 기장해안로 147,https://www.visitbusan.net/kr/schedule/view.do?boardId=BBS_0000009&menuCd=DOM_000000204012000000&dataSid=5287,,,,,https://www.visitbusan.net/upload_data/board_data/BBS_0000009/177277681409349.jpg,04|05,,none,none,,,archived,false,
VisitBusanSchedule:5332:ko,5332,제9회 강서 낙동강30리 벚꽃축제,2026-04-03,2026-04-05,부산광역시 강서구 대저생태공원 일원,,https://www.visitbusan.net/kr/schedule/view.do?boardId=BBS_0000009&menuCd=DOM_000000204012000000&dataSid=5332,,,,,https://www.visitbusan.net/upload_data/board_data/BBS_0000009/177441648240413.jpg,04,,none,none,,,archived,false,
VisitBusanSchedule:5349:ko,5349,제7회 연제고분판타지축제,2026-04-03,2026-04-05,온천천시민공원 및 연산동 고분군 일원,,https://www.visitbusan.net/kr/schedule/view.do?boardId=BBS_0000009&menuCd=DOM_000000204012000000&dataSid=5349,,,,,https://www.visitbusan.net/upload_data/board_data/BBS_0000009/177485869068642.png,04,,none,none,,,archived,false,
VisitBusanSchedule:5393:ko,5393,2026 BAMA 제15회 부산국제화랑아트페어,2026-04-02,2026-04-05,벡스코 제1전시장 1~2홀,,https://www.visitbusan.net/kr/schedule/view.do?boardId=BBS_0000009&menuCd=DOM_000000204012000000&dataSid=5393,,,,,https://www.visitbusan.net/upload_data/board_data/BBS_0000009/177492228459140.jpg,04,,none,none,,,archived,false,
VisitBusanSchedule:5703:ko,5703,< 리브 골프 코리아 2026 (LIV Golf Korea 2026) >,2026-05-25,2026-05-31,아시아드컨트리클럽,부산시 기장군 일광읍 차양길 26,https://www.visitbusan.net/kr/schedule/view.do?boardId=BBS_0000009&menuCd=DOM_000000204012000000&dataSid=5703,https://events.livgolf.com/korea/,,,organizer,https://www.visitbusan.net/upload_data/board_data/BBS_0000009/177822912980264.jpg,05,,none,none,,,archived,false,
VisitBusanSchedule:5683:ko,5683,제21회 부산세계시민축제,2026-05-23,2026-05-23,북항 친수공원,부산광역시 동구 이순신대로 164 (초량동),https://www.visitbusan.net/kr/schedule/view.do?boardId=BBS_0000009&menuCd=DOM_000000204012000000&dataSid=5683,https://bgcf.or.kr/,,,organizer,https://www.visitbusan.net/upload_data/board_data/BBS_0000009/177814356688356.jpg,05,,none,none,,,archived,false,
VisitBusanSchedule:5706:ko,5706,제55회 전국소년체육대회,2026-05-23,2026-05-26,아시아드주경기장 등 56개소,부산 연제구 월드컵대로 344 부산아시아드주경기장,https://www.visitbusan.net/kr/schedule/view.do?boardId=BBS_0000009&menuCd=DOM_000000204012000000&dataSid=5706,https://meet.sports.or.kr/junior/main.do,,,organizer,https://www.visitbusan.net/upload_data/board_data/BBS_0000009/177823106512415.jpg,05,,none,none,,,archived,false,
VisitBusanSchedule:5719:ko,5719,좀비랜드 카크닉 in 태종대,2026-05-23,2026-05-23,태종대 자동차극장,부산 영도구 동삼동 1009,https://www.visitbusan.net/kr/schedule/view.do?boardId=BBS_0000009&menuCd=DOM_000000204012000000&dataSid=5719,,,,,https://www.visitbusan.net/upload_data/board_data/BBS_0000009/177857184179490.jpg,05,,none,none,,,archived,false,
VisitBusanSchedule:5389:ko,5389,제11회 부산원도심활성화축제 [택슐랭],2026-05-22,2026-05-24,부산 원도심 일원,,https://www.visitbusan.net/kr/schedule/view.do?boardId=BBS_0000009&menuCd=DOM_000000204012000000&dataSid=5389,,,,,https://www.visitbusan.net/upload_data/board_data/BBS_0000009/177491982675205.jpg,05,,none,none,,,archived,false,
VisitBusanSchedule:5487:ko,5487,2026 센텀맥주축제,2026-05-22,2026-05-31,영화의전당 야외광장,,https://www.visitbusan.net/kr/schedule/view.do?boardId=BBS_0000009&menuCd=DOM_000000204012000000&dataSid=5487,https://beerfestival.co.kr,,,organizer,https://www.visitbusan.net/upload_data/board_data/BBS_0000009/177621677616404.jpg,05,329,medium,title_exact,35.170998,129.12697,archived,false,
VisitBusanSchedule:5677:ko,5677,2026 해운대 모래축제,2026-05-15,2026-05-18,해운대 해수욕장 일원,부산 해운대구 우동,https://www.visitbusan.net/kr/schedule/view.do?boardId=BBS_0000009&menuCd=DOM_000000204012000000&dataSid=5677,https://www.haeundae.go.kr/tour/index.do?menuCd=DOM_000000309005000000,,,organizer,https://www.visitbusan.net/upload_data/board_data/BBS_0000009/177811722835480.jpg,05,405,medium,title_exact,35.158497,129.15985,archived,true,FestivalService schedule appears stale; VisitBusan 2026 schedule used.
VisitBusanSchedule:5705:ko,5705,제20회 전국장애학생체육대회,2026-05-12,2026-05-15,아시아드주경기장 등 18개소,부산 연제구 월드컵대로 344 부산아시아드주경기장,https://www.visitbusan.net/kr/schedule/view.do?boardId=BBS_0000009&menuCd=DOM_000000204012000000&dataSid=5705,https://www.busan.go.kr/20_sports/,,,organizer,https://www.visitbusan.net/upload_data/board_data/BBS_0000009/177823072170550.jpg,05,,none,none,,,archived,false,
VisitBusanSchedule:5676:ko,5676,2026 부산스텝업댄스페스티벌,2026-05-09,2026-05-10,영화의 전당,부산광역시 해운대구 수영강변대로 120 영화의전당,https://www.visitbusan.net/kr/schedule/view.do?boardId=BBS_0000009&menuCd=DOM_000000204012000000&dataSid=5676,https://busanstepupfestival.com,,,organizer,https://www.visitbusan.net/upload_data/board_data/BBS_0000009/177811449302358.png,05,,none,none,,,archived,false,
VisitBusanSchedule:5690:ko,5690,제23회 부산국제연극제 “차이와 반복(Difference and Repetition)”,2026-05-09,2026-05-17,"영화의전당 하늘연극장, 영화의전당 루프씨어터, 부산시민회관 소극장, 어댑터 씨어터 2관, 용천소극장, 동서대학교 민석소극장, 소향실험극장, 밀락더마켓, 유엔평화공원, 문화골목 노가다",세부 장소 정보는 공식 홈페이지를 참고해 주시기 바랍니다.,https://www.visitbusan.net/kr/schedule/view.do?boardId=BBS_0000009&menuCd=DOM_000000204012000000&dataSid=5690,https://www.bipaf.org/,,,organizer,https://www.visitbusan.net/upload_data/board_data/BBS_0000009/177820584593348.jpg,05,,none,none,,,archived,false,
VisitBusanSchedule:5583:ko,5583,2026 부산 밀 페스티벌,2026-05-09,2026-05-10,북구 화명생태공원,부산광역시 북구 덕천동 763,https://www.visitbusan.net/kr/schedule/view.do?boardId=BBS_0000009&menuCd=DOM_000000204012000000&dataSid=5583,https://festivalbusan.com/wheat/,,,organizer,https://www.visitbusan.net/upload_data/board_data/BBS_0000009/177690467603678.jpg,05,406,low,url_domain_only,,,manual_link_review,false,
VisitBusanSchedule:5574:ko,5574,「광안리 M 드론라이트쇼」 5월 공연 프로그램 안내,2026-05-02,2026-05-30,,부산광역시 수영구 광안해변로 219,https://www.visitbusan.net/kr/schedule/view.do?boardId=BBS_0000009&menuCd=DOM_000000204012000000&dataSid=5574,https://www.gwangallimdrone.co.kr/,,,organizer,https://www.visitbusan.net/upload_data/board_data/BBS_0000009/177812758057616.png,05,,none,none,,,archived,false,
VisitBusanSchedule:5577:ko,5577,「광안리 드론×레이저쇼」 제3회 시범 공연 안내,2026-05-02,2026-05-02,,부산광역시 수영구 광안해변로 219,https://www.visitbusan.net/kr/schedule/view.do?boardId=BBS_0000009&menuCd=DOM_000000204012000000&dataSid=5577,https://www.gwangallimdrone.co.kr/,,,organizer,https://www.visitbusan.net/upload_data/board_data/BBS_0000009/177684853336920.jpeg,05,,none,none,,,archived,false,
VisitBusanSchedule:5678:ko,5678,2570 부산연등회,2026-05-01,2026-05-17,"송상현광장, 부산시민공원 다솜광장",송상현광장) 부산광역시 부산진구 전포동 전포2동 중앙대로 818 부산시민공원 다솜광장) 부산광역시 부산진구 시민공원로 73,https://www.visitbusan.net/kr/schedule/view.do?boardId=BBS_0000009&menuCd=DOM_000000204012000000&dataSid=5678,http://www.bba48.or.kr/,,,organizer,https://www.visitbusan.net/upload_data/board_data/BBS_0000009/177813789011094.jpg,05,1432,high,url_domain+title,35.166367,129.06589,archived,false,
VisitBusanSchedule:5381:ko,5381,부산원아시아페스티벌 with NOL,2026-06-27,2026-06-28,부산아시아드주경기장,부산 연제구 월드컵대로 344 부산아시아드주경기장,https://www.visitbusan.net/kr/schedule/view.do?boardId=BBS_0000009&menuCd=DOM_000000204012000000&dataSid=5381,,,,,https://www.visitbusan.net/upload_data/board_data/BBS_0000009/177491956140634.jpg,06,,none,none,,,archived,false,
VisitBusanSchedule:5780:ko,5780,2026 부산모빌리티쇼,2026-06-27,2026-07-05,BEXCO 1전시장 전체 및 2전시장 1층,부산광역시 해운대구 APEC로 55,https://www.visitbusan.net/kr/schedule/view.do?boardId=BBS_0000009&menuCd=DOM_000000204012000000&dataSid=5780,https://bimos.co.kr/,,,organizer,https://www.visitbusan.net/upload_data/board_data/BBS_0000009/178418526864866.jpg,06|07,,none,none,,,archived,false,
VisitBusanSchedule:5867:ko,5867,「광안리 M 드론라이트쇼」다시 보고 싶은 베스트컷 특별공연 안내,2026-06-27,2026-06-27,광안리 해변,부산광역시 수영구 광안해변로 219,https://www.visitbusan.net/kr/schedule/view.do?boardId=BBS_0000009&menuCd=DOM_000000204012000000&dataSid=5867,https://www.gwangallimdrone.co.kr/,,,organizer,https://www.visitbusan.net/upload_data/board_data/BBS_0000009/178157045248124.png,06,,none,none,,,archived,false,
VisitBusanSchedule:5763:ko,5763,제10회 부산수제맥주축제 스콜 야시장,2026-06-25,2026-06-28,서면 스콜,부산 부산진구 서면문화로 32,https://www.visitbusan.net/kr/schedule/view.do?boardId=BBS_0000009&menuCd=DOM_000000204012000000&dataSid=5763,https://vo.la/z2K13Gf,,,organizer,https://www.visitbusan.net/upload_data/board_data/BBS_0000009/177993591985268.jpg,06,,none,none,,,archived,false,
VisitBusanSchedule:5727:ko,5727,2026 부산항 축제,2026-06-19,2026-06-20,"북항친수공원, 랜드마크부지, 부산항만공사 사옥 일원",부산 동구 이순신대로 164,https://www.visitbusan.net/kr/schedule/view.do?boardId=BBS_0000009&menuCd=DOM_000000204012000000&dataSid=5727,https://festivalbusan.com/busanport/,,,organizer,https://www.visitbusan.net/upload_data/board_data/BBS_0000009/177873972393653.png,06,406,high,url_domain+title,35.114414,129.0464,archived,false,
VisitBusanSchedule:5769:ko,5769,2026 더 레드 모먼트 부산,2026-06-11,2026-06-13,송상현광장 일원,부산광역시 부산진구 동성로112번길 121 -1,https://www.visitbusan.net/kr/schedule/view.do?boardId=BBS_0000009&menuCd=DOM_000000204012000000&dataSid=5769,,https://event-us.kr/theredmomentbusan/event/126599,,ticket_platform,https://www.visitbusan.net/upload_data/board_data/BBS_0000009/178053036966520.jpg,06,,none,none,,,archived,false,
VisitBusanSchedule:5794:ko,5794,2026 별바다부산 나이트마켓,2026-06-10,2026-06-14,화명생태공원 연꽃단지,부산 북구 화명동 1718-17,https://www.visitbusan.net/kr/schedule/view.do?boardId=BBS_0000009&menuCd=DOM_000000204012000000&dataSid=5794,,,https://litt.ly/starrynightinbusan_nightmarket,social,https://www.visitbusan.net/upload_data/board_data/BBS_0000009/178063958841130.png,06,,none,none,,,archived,false,
VisitBusanSchedule:5788:ko,5788,「광안리 M 드론라이트쇼」 6월 공연 프로그램 안내,2026-06-06,2026-06-27,광안리해수욕장,부산광역시 수영구 광안해변로 219,https://www.visitbusan.net/kr/schedule/view.do?boardId=BBS_0000009&menuCd=DOM_000000204012000000&dataSid=5788,https://www.gwangallimdrone.co.kr,,,organizer,https://www.visitbusan.net/upload_data/board_data/BBS_0000009/178037387393714.png,06,,none,none,,,archived,false,
VisitBusanSchedule:5764:ko,5764,<울트라 아울렛> ‘초저가 마켓’ 팝업,2026-06-05,2026-06-30,피아크 부산,부산 영도구 해양로195번길 180 피아크(P.ARK) 2F / 5F,https://www.visitbusan.net/kr/schedule/view.do?boardId=BBS_0000009&menuCd=DOM_000000204012000000&dataSid=5764,https://www.ultradept.co.kr/,,,organizer,https://www.visitbusan.net/upload_data/board_data/BBS_0000009/177993647587776.jpg,06,,none,none,,,archived,false,
VisitBusanSchedule:6167:ko,6167,2026 북항 오션 SUP FESTA,2026-07-31,2026-08-09,북항 친수공원 및 랜드마크 부지 일원,부산광역시 동구 이순신대로 164,https://www.visitbusan.net/kr/schedule/view.do?boardId=BBS_0000009&menuCd=DOM_000000204012000000&dataSid=6167,https://bhsupfesta.com/,,,organizer,https://www.visitbusan.net/upload_data/board_data/BBS_0000009/178467985961675.png,07|08,,none,none,,,schedule_ready,false,
VisitBusanSchedule:6111:ko,6111,발코니 뮤직쇼 앤 스트릿 페스타,2026-07-25,2026-12-19,부산 중구 광복로 차 없는 거리,부산 중구 창선동1가,https://www.visitbusan.net/kr/schedule/view.do?boardId=BBS_0000009&menuCd=DOM_000000204012000000&dataSid=6111,,,,,https://www.visitbusan.net/upload_data/board_data/BBS_0000009/178418665091208.png,07|08|09|10|11|12,,none,none,,,schedule_ready,false,
VisitBusanSchedule:6067:ko,6067,2026 피란수도 부산 국가유산 야행,2026-07-24,2026-07-25,영도다리(유라리광장) 등 피란수도 부산유산 일원,부산 중구 중앙동7가,https://www.visitbusan.net/kr/schedule/view.do?boardId=BBS_0000009&menuCd=DOM_000000204012000000&dataSid=6067,https://busan-heritage-night.com/,,,organizer,https://www.visitbusan.net/upload_data/board_data/BBS_0000009/178357993916092.jpg,07,,none,none,,,schedule_ready,false,
VisitBusanSchedule:6090:ko,6090,2026 대한민국 밤밤페스타 부산 시즌2,2026-07-18,2026-07-19,영화의 전당,부산광역시 해운대구 수영강변대로 120 영화의전당,https://www.visitbusan.net/kr/schedule/view.do?boardId=BBS_0000009&menuCd=DOM_000000204012000000&dataSid=6090,https://www.dureraum.org/bcc/main/main.do?rbsIdx=1,,,organizer,https://www.visitbusan.net/upload_data/board_data/BBS_0000009/178401164476273.png,07,,none,none,,,archived,false,
VisitBusanSchedule:6074:ko,6074,전시 <울트라백화점 부산 : 텍스트 쇼핑 클럽>,2026-07-17,2026-11-01,피아크 부산,부산 영도구 해양로195번길 180 피아크(P.ARK) 2F,https://www.visitbusan.net/kr/schedule/view.do?boardId=BBS_0000009&menuCd=DOM_000000204012000000&dataSid=6074,,https://nol.yanolja.com/ticket/products/26006746,,ticket_platform,https://www.visitbusan.net/upload_data/board_data/BBS_0000009/178390587341086.jpg,07|08|09|10|11,,none,none,,,official_check_required,false,
VisitBusanSchedule:6083:ko,6083,제1회 사이언스 로드 in 태종대,2026-07-17,2026-07-17,태종대 일원,,https://www.visitbusan.net/kr/schedule/view.do?boardId=BBS_0000009&menuCd=DOM_000000204012000000&dataSid=6083,,,,,https://www.visitbusan.net/upload_data/board_data/BBS_0000009/178398813163467.jpg,07,,none,none,,,archived,false,
VisitBusanSchedule:5486:ko,5486,제48차 유네스코 세계유산위원회,2026-07-13,2026-07-29,부산 벡스코 일원,,https://www.visitbusan.net/kr/schedule/view.do?boardId=BBS_0000009&menuCd=DOM_000000204012000000&dataSid=5486,,,,,https://www.visitbusan.net/upload_data/board_data/BBS_0000009/178390633524260.jpg,07,,none,none,,,schedule_ready,false,
VisitBusanSchedule:6037:ko,6037,포켓몬 메가페스타 2026 in 부산 「느긋느긋 바캉스」,2026-07-10,2026-08-09,"부산역, 범내골역, 전포역, 광안역, 센텀시티역, 명지 환승센터, 해운대 환승센터, 영도 국립해양박물관 정류소, 롯데백화점 부산본점 등",,https://www.visitbusan.net/kr/schedule/view.do?boardId=BBS_0000009&menuCd=DOM_000000204012000000&dataSid=6037,https://pokemonkorea.co.kr/megafesta2026inbusan/menu757,,,organizer,https://www.visitbusan.net/upload_data/board_data/BBS_0000009/178304490764355.png,07|08,,none,none,,,schedule_ready,false,
VisitBusanSchedule:5878:ko,5878,2026 부산브랜드페스타,2026-07-10,2026-07-12,BEXCO 제1전시장 2홀,부산 해운대구 APEC로 55 벡스코,https://www.visitbusan.net/kr/schedule/view.do?boardId=BBS_0000009&menuCd=DOM_000000204012000000&dataSid=5878,https://www.bbf.show,,,organizer,https://www.visitbusan.net/upload_data/board_data/BBS_0000009/178175093285530.jpg,07,,none,none,,,archived,false,
VisitBusanSchedule:5937:ko,5937,제16회 수국꽃문화축제,2026-07-09,2026-07-12,태종대유원지,태종사 및 체육공원 일원,https://www.visitbusan.net/kr/schedule/view.do?boardId=BBS_0000009&menuCd=DOM_000000204012000000&dataSid=5937,,,,,https://www.visitbusan.net/upload_data/board_data/BBS_0000009/178296644230910.png,07,,none,none,,,archived,false,
VisitBusanSchedule:5907:ko,5907,「광안리 M 드론라이트쇼」 7월 공연 프로그램 안내,2026-07-04,2026-07-25,광안리 해수욕장,부산광역시 수영구 광안해변로 219,https://www.visitbusan.net/kr/schedule/view.do?boardId=BBS_0000009&menuCd=DOM_000000204012000000&dataSid=5907,https://www.gwangallimdrone.co.kr,,,organizer,https://www.visitbusan.net/upload_data/board_data/BBS_0000009/178306147026906.png,07,,none,none,,,schedule_ready,false,
VisitBusanSchedule:6068:ko,6068,렛츠런파크 부산경남 SUN 더 워터페스티벌,2026-07-04,2026-08-17,렛츠런파크 부산경남 더비랜드 광장,부산 강서구 가락대로 929 렛츠런파크 부산경남,https://www.visitbusan.net/kr/schedule/view.do?boardId=BBS_0000009&menuCd=DOM_000000204012000000&dataSid=6068,,,,,https://www.visitbusan.net/upload_data/board_data/BBS_0000009/178358530023674.jpg,07|08,,none,none,,,schedule_ready,false,
VisitBusanSchedule:6148:ko,6148,2026 별바다부산 나이트페스타,2026-07-01,2026-12-31,,,https://www.visitbusan.net/kr/schedule/view.do?boardId=BBS_0000009&menuCd=DOM_000000204012000000&dataSid=6148,,,https://www.instagram.com/starry_night_busan.kr,social,https://www.visitbusan.net/upload_data/board_data/BBS_0000009/178453672646072.jpg,07|08|09|10|11|12,405,low,url_domain_only,,,manual_link_review,false,
VisitBusanSchedule:6168:ko,6168,부산인디커넥트페스티벌 2026,2026-08-14,2026-08-16,부산 벡스코 제1전시장 2홀,부산 해운대구 APEC로 55 벡스코,https://www.visitbusan.net/kr/schedule/view.do?boardId=BBS_0000009&menuCd=DOM_000000204012000000&dataSid=6168,https://www.bicfest.org/,,,organizer,https://www.visitbusan.net/upload_data/board_data/BBS_0000009/178468828336326.png,08,,none,none,,,schedule_ready,false,
VisitBusanSchedule:5348:ko,5348,2026 세계도서관정보대회,2026-08-10,2026-08-13,"벡스코, 부산지역 주요 도서관 및 문화시설 등",,https://www.visitbusan.net/kr/schedule/view.do?boardId=BBS_0000009&menuCd=DOM_000000204012000000&dataSid=5348,,,,,https://www.visitbusan.net/upload_data/board_data/BBS_0000009/177449122524861.jpg,08,,none,none,,,schedule_ready,false,
VisitBusanSchedule:6060:ko,6060,제30회 부산바다축제,2026-08-07,2026-08-13,다대포해수욕장 일원,부산 사하구 다대동,https://www.visitbusan.net/kr/schedule/view.do?boardId=BBS_0000009&menuCd=DOM_000000204012000000&dataSid=6060,https://festivalbusan.com/seafestival/,,,organizer,https://www.visitbusan.net/upload_data/board_data/BBS_0000009/178348411318540.jpg,08,71,medium,title_exact,35.151604,129.11713,schedule_ready,true,FestivalService schedule appears stale; VisitBusan 2026 schedule used.
VisitBusanSchedule:6051:ko,6051,일러스타 페스 12,2026-08-01,2026-08-02,부산 벡스코(BEXCO) 제2전시장 4홀,"부산 해운대구 APEC로 30 , 1층",https://www.visitbusan.net/kr/schedule/view.do?boardId=BBS_0000009&menuCd=DOM_000000204012000000&dataSid=6051,https://illustar.net/,,,organizer,https://www.visitbusan.net/upload_data/board_data/BBS_0000009/178341328470698.png,08,,none,none,,,schedule_ready,false,
VisitBusanSchedule:5767:ko,5767,2026 세븐브릿지 투어,2026-09-20,2026-09-20,부산 전역(시내 주요 교량 및 도심 일원),,https://www.visitbusan.net/kr/schedule/view.do?boardId=BBS_0000009&menuCd=DOM_000000204012000000&dataSid=5767,,,,,https://www.visitbusan.net/upload_data/board_data/BBS_0000009/178004104093061.png,09,,none,none,,,schedule_ready,false,
VisitBusanSchedule:5392:ko,5392,2026 부산국제록페스티벌,2026-10-02,2026-10-04,삼락생태공원,,https://www.visitbusan.net/kr/schedule/view.do?boardId=BBS_0000009&menuCd=DOM_000000204012000000&dataSid=5392,,,,,https://www.visitbusan.net/upload_data/board_data/BBS_0000009/177492025671566.jpg,10,470,medium,title_exact,35.168747,128.97238,schedule_ready,true,FestivalService schedule appears stale; VisitBusan 2026 schedule used.