source_key,content_type,uc_seq,language,title_ko,address,phone,lat,lon,hours,closed_days,website,representative_menu,image_url,category_label,language_available,parse_status,missing_required_fields,source_detail_url,collected_at
VisitBusanContent:attraction:2753:ko,attraction,2753,ko,지그재그아트센터,부산 해운대구 달맞이길 30 엘시티 상가 포디움동 1001호,,35.161175,129.16803,10:00~18:00(월~토),매주 일요일,https://www.zigzagartcenter.com/,,,마이페이지,ko,ok,,https://www.visitbusan.net/kr/index.do?menuCd=DOM_000000201001001000&uc_seq=2753&lang_cd=ko,2026-07-24T04:30:06.801Z
VisitBusanContent:attraction:2678:ko,attraction,2678,ko,"감천문화마을에 지어진 어린왕자의 집, 리틀 프린스 하우스",부산광역시 사하구 감내1로 200(구 감내어울터),,35.09775,129.00851,매일 9:00~18:00,,https://www.busan.go.kr/vprivacy1,,,마이페이지,ko,ok,,https://www.visitbusan.net/kr/index.do?menuCd=DOM_000000201001001000&uc_seq=2678&lang_cd=ko,2026-07-24T04:30:07.656Z
VisitBusanContent:attraction:2612:ko,attraction,2612,ko,"도심 속 호수로 떠나는 산책, 회동수원지 둘레길",부산 금정구 오륜동 352-3,,35.245823,129.11913,,,https://www.busan.go.kr/vprivacy1,,,마이페이지,ko,ok,,https://www.visitbusan.net/kr/index.do?menuCd=DOM_000000201001001000&uc_seq=2612&lang_cd=ko,2026-07-24T04:30:08.494Z
VisitBusanContent:attraction:2598:ko,attraction,2598,ko,"와이어로 시작하는 이야기,",부산 수영구 구락로141번길 63,,35.177723,129.11348,화~토 9:00~17:00,"일요일, 월요일",http://kiswiremuseum.com/ko/,,,마이페이지,ko,ok,,https://www.visitbusan.net/kr/index.do?menuCd=DOM_000000201001001000&uc_seq=2598&lang_cd=ko,2026-07-24T04:30:09.417Z
VisitBusanContent:attraction:2594:ko,attraction,2594,ko,"이야기를 따라 걷는 길, 초량 이바구길",부산 동구 초량동 865-48,,35.11814,129.03362,,,https://www.busan.go.kr/vprivacy1,,,마이페이지,ko,ok,,https://www.visitbusan.net/kr/index.do?menuCd=DOM_000000201001001000&uc_seq=2594&lang_cd=ko,2026-07-24T04:30:10.228Z
VisitBusanContent:attraction:2588:ko,attraction,2588,ko,"바다 냄새와 사람 냄새가 만나는 곳, 충무동 해안시장",부산 서구 해안새벽시장길 7,6577-4448-8387,35.095985,129.0255,,,https://www.busan.go.kr/vprivacy1,,,마이페이지,ko,ok,,https://www.visitbusan.net/kr/index.do?menuCd=DOM_000000201001001000&uc_seq=2588&lang_cd=ko,2026-07-24T04:30:11.094Z
VisitBusanContent:attraction:2587:ko,attraction,2587,ko,"가덕도의 바다 끝에서 만나는 곳, 대항 어항동 방파제 등대",부산 강서구 대항동 393-3,,35.011753,128.82515,,,https://www.busan.go.kr/vprivacy1,,,마이페이지,ko,ok,,https://www.visitbusan.net/kr/index.do?menuCd=DOM_000000201001001000&uc_seq=2587&lang_cd=ko,2026-07-24T04:30:11.894Z
VisitBusanContent:attraction:2566:ko,attraction,2566,ko,상세보기,부산 동래구 낙민로 28 구 동래역사,,35.19779,129.09004,화~토 10:00~16:00,"일요일, 월요일",https://www.busan.go.kr/vprivacy1,,,마이페이지,ko,ok,,https://www.visitbusan.net/kr/index.do?menuCd=DOM_000000201001001000&uc_seq=2566&lang_cd=ko,2026-07-24T04:30:12.754Z
VisitBusanContent:attraction:2551:ko,attraction,2551,ko,부산 풍경을 한눈에 담는 드라이브 코스,부산광역시 부산진구 전포동 산50-18,,35.157204,129.08163,,,https://www.busan.go.kr/vprivacy1,,,마이페이지,ko,ok,,https://www.visitbusan.net/kr/index.do?menuCd=DOM_000000201001001000&uc_seq=2551&lang_cd=ko,2026-07-24T04:30:13.585Z
VisitBusanContent:attraction:2491:ko,attraction,2491,ko,"남포, 광복지하도상가",남포지하도상가: 부산광역시 중구 구덕로 지하44 (남포동5가) 광복지하도상가: 부산광역시 중구 중앙대로 29번길 8 (중앙동1가),,35.097282,129.02728,매일 10:00 ~ 20:00,매월 둘째 주 화요일,https://www.busan.go.kr/vprivacy1,,,마이페이지,ko,ok,,https://www.visitbusan.net/kr/index.do?menuCd=DOM_000000201001001000&uc_seq=2491&lang_cd=ko,2026-07-24T04:30:14.416Z
VisitBusanContent:attraction:2408:ko,attraction,2408,ko,"골목마다 예술이 피어나는 마을, 기장 대룡마을",부산광역시 기장군 장안읍 대룡1길 17,,35.370792,129.2628,,,https://www.busan.go.kr/vprivacy1,,,마이페이지,ko,ok,,https://www.visitbusan.net/kr/index.do?menuCd=DOM_000000201001001000&uc_seq=2408&lang_cd=ko,2026-07-24T04:30:15.219Z
VisitBusanContent:attraction:2314:ko,attraction,2314,ko,범어사 성보박물관에서 불교문화의 깊이에 빠지다,부산광역시 금정구 범어사로 296,051-508-6139,35.278435,129.0744,화요일~일요일 09:30~17:00,"매주 월요일, 설 추석 연휴",http://www.beomeomuseum.org,,,마이페이지,ko,ok,,https://www.visitbusan.net/kr/index.do?menuCd=DOM_000000201001001000&uc_seq=2314&lang_cd=ko,2026-07-24T04:30:16.086Z
VisitBusanContent:attraction:2299:ko,attraction,2299,ko,"도심 속 자연에서 상쾌한 체육활동, 황령산레포츠공원",부산광역시 부산진구 진남로328번길 99,051-605-4128,35.15709,129.07631,,,https://www.busanjin.go.kr/index.busanjin,,,마이페이지,ko,ok,,https://www.visitbusan.net/kr/index.do?menuCd=DOM_000000201001001000&uc_seq=2299&lang_cd=ko,2026-07-24T04:30:16.935Z
VisitBusanContent:attraction:2288:ko,attraction,2288,ko,"삶의 흔적이 예술로 변하는 공간, 영주맨션","부산광역시 중구 영초길 51 9-다, 지하5호",,35.113503,129.03278,전시기간 중 운영 : 매일 10:00~18:00,,https://youngjumansion.wixsite.com/main/bio,,,마이페이지,ko,ok,,https://www.visitbusan.net/kr/index.do?menuCd=DOM_000000201001001000&uc_seq=2288&lang_cd=ko,2026-07-24T04:30:17.771Z
VisitBusanContent:attraction:2284:ko,attraction,2284,ko,"부산 원도심에서 만나는 독립영화관, BNK부산은행 아트시네마 모퉁이극장",부산광역시 중구 광복중앙로 13 3층,051-256-1895,35.1006,129.0309,매일 10:00~22:00,,https://www.dtryx.com/cinema/main.do?cgid=FE8EF4D2-F22D-4802-A39A-D58F23A29C1E&BrandCd=etc&CinemaCd=000097,,,마이페이지,ko,ok,,https://www.visitbusan.net/kr/index.do?menuCd=DOM_000000201001001000&uc_seq=2284&lang_cd=ko,2026-07-24T04:30:18.588Z
VisitBusanContent:attraction:2275:ko,attraction,2275,ko,낙동강 강변뷰가 아름다운 섬 ‘중사도’에서 특별한 자연 여행,부산광역시 강서구 식만동,051-970-4000(강서구청),35.20947,128.91457,,,https://www.busan.go.kr/vprivacy1,,,마이페이지,ko,ok,,https://www.visitbusan.net/kr/index.do?menuCd=DOM_000000201001001000&uc_seq=2275&lang_cd=ko,2026-07-24T04:30:19.430Z
VisitBusanContent:food:2386:ko,food,2386,ko,히떼로스터리 전포점,부산진구 동성로 59 2층,070-7607-7060,35.15574,129.06819,10:00-20:00,연중무휴,https://www.busan.go.kr/vprivacy1,"필터커피 ￦6,000 카페라떼 ￦5,500",,마이페이지,ko,ok,,https://www.visitbusan.net/kr/index.do?menuCd=DOM_000000201002001000&uc_seq=2386&lang_cd=ko,2026-07-24T04:30:20.268Z
VisitBusanContent:food:2384:ko,food,2384,ko,우봉샤브,해운대구 청사포로 127,0507-1349-9256,35.1607,129.19267,11:00-15:00 / 17:00-21:00,월요일 휴무,https://www.busan.go.kr/vprivacy1,"한우 차돌박이 샤브샤브(1인) ￦19,000 2인 세트메뉴 ￦58,000",,마이페이지,ko,ok,,https://www.visitbusan.net/kr/index.do?menuCd=DOM_000000201002001000&uc_seq=2384&lang_cd=ko,2026-07-24T04:30:21.163Z
VisitBusanContent:food:2381:ko,food,2381,ko,고기형,수영구 수영로679번길 22,0507-1445-9312,35.166687,129.11377,17:00-02:00,연중무휴,https://www.busan.go.kr/vprivacy1,"육식주의세트(2인) ￦125,000 한우우설(100g) ￦25,000",,마이페이지,ko,ok,,https://www.visitbusan.net/kr/index.do?menuCd=DOM_000000201002001000&uc_seq=2381&lang_cd=ko,2026-07-24T04:30:21.982Z
VisitBusanContent:food:2379:ko,food,2379,ko,대성갈치찌개구이,기장군 기장읍 대변2길 9,051-721-2289,35.2239,129.23161,11:00-20:30,연중무휴,https://www.busan.go.kr/vprivacy1,"갈치찌개 1인분 ￦43,000 갈치구이 1인분 ￦43,000",,마이페이지,ko,ok,,https://www.visitbusan.net/kr/index.do?menuCd=DOM_000000201002001000&uc_seq=2379&lang_cd=ko,2026-07-24T04:30:22.819Z
VisitBusanContent:food:2371:ko,food,2371,ko,연화제과,부산진구 새싹로 265번길 12,0507-1415-4191,35.179752,129.04688,11:00-18:00,"매주 화, 수요일 휴무",https://www.busan.go.kr/vprivacy1,케이크(가격변동) 계절마다 변동 구움과자(가격변동) 달마다 조금씩 변동,,마이페이지,ko,ok,,https://www.visitbusan.net/kr/index.do?menuCd=DOM_000000201002001000&uc_seq=2371&lang_cd=ko,2026-07-24T04:30:23.700Z
VisitBusanContent:food:2370:ko,food,2370,ko,해운대암소갈비집,해운대구 해운대해변로333,051-746-3333,35.163258,129.16626,11:30-15:00/17:00-22:00,연중무휴,https://www.busan.go.kr/vprivacy1,"생갈비 ￦58,000 양념갈비 ￦54,000",,마이페이지,ko,ok,,https://www.visitbusan.net/kr/index.do?menuCd=DOM_000000201002001000&uc_seq=2370&lang_cd=ko,2026-07-24T04:30:24.550Z
VisitBusanContent:food:2367:ko,food,2367,ko,청산1954,수영구 황령산로 29,051-622-1954,35.148266,129.10788,11:00-15:30 / 17:00-20:50,매달 마지막 주 수요일(명절 혹은 공휴일 있는 달 변동) 휴무,https://www.busan.go.kr/vprivacy1,"편백낙지보쌈(1人) ￦23,000 오독낙지볶음(1人) ￦14,500",,마이페이지,ko,ok,,https://www.visitbusan.net/kr/index.do?menuCd=DOM_000000201002001000&uc_seq=2367&lang_cd=ko,2026-07-24T04:30:25.387Z
VisitBusanContent:food:2366:ko,food,2366,ko,조이풀조이풀(골드핀치by조이풀조이풀),"수영구 민락본동로11번길 21, 1층",0507-1342-3814,35.157604,129.1274,18:00-23:00,"일요일, 격주 월요일 휴무",https://www.busan.go.kr/vprivacy1,"한판모둠스시 ￦35,000 마보도후 ￦17,000",,마이페이지,ko,ok,,https://www.visitbusan.net/kr/index.do?menuCd=DOM_000000201002001000&uc_seq=2366&lang_cd=ko,2026-07-24T04:30:26.209Z
VisitBusanContent:food:2365:ko,food,2365,ko,자매국밥,수영구 민락본동로27번길 56,051-752-1912,35.158283,129.12569,10:00-21:00,일요일 휴무,https://www.busan.go.kr/vprivacy1,"수육한접시 ￦10,000 돼지국밥 ￦9,000",,마이페이지,ko,ok,,https://www.visitbusan.net/kr/index.do?menuCd=DOM_000000201002001000&uc_seq=2365&lang_cd=ko,2026-07-24T04:30:27.072Z
VisitBusanContent:food:2364:ko,food,2364,ko,으뜸이로리바타,"수영구 수영로408번길 20, 1층",0507-1460-4790,35.141987,129.10915,월-목 19:00-22:00(1부제) 금-토 17:30~22:00(2부제),"일요일, 매달 2, 4번째 월요일 휴무",https://www.busan.go.kr/vprivacy1,"오마카세 코스 ￦100,000",,마이페이지,ko,ok,,https://www.visitbusan.net/kr/index.do?menuCd=DOM_000000201002001000&uc_seq=2364&lang_cd=ko,2026-07-24T04:30:27.995Z
VisitBusanContent:food:2363:ko,food,2363,ko,우리포차,"수영구 광일로29번길 9, 1층",010-8033-6342,35.161915,129.11087,16:00-23:00,일요일 휴무,https://www.busan.go.kr/vprivacy1,"대방어 소 ￦65,000 / 중 ￦90,000 / 대 ￦115,000",,마이페이지,ko,ok,,https://www.visitbusan.net/kr/index.do?menuCd=DOM_000000201002001000&uc_seq=2363&lang_cd=ko,2026-07-24T04:30:28.813Z
VisitBusanContent:food:2362:ko,food,2362,ko,야키토리 해공,"수영구 민락본동로 19번길 30-5, 1층",051-758-8333,35.158234,129.1271,17:30-23:30,일요일 휴무,https://www.busan.go.kr/vprivacy1,"토종닭 야키토리 오마카세 ￦59,000",,마이페이지,ko,ok,,https://www.visitbusan.net/kr/index.do?menuCd=DOM_000000201002001000&uc_seq=2362&lang_cd=ko,2026-07-24T04:30:29.650Z
VisitBusanContent:food:2361:ko,food,2361,ko,야키토리 백탄,"수영구 민락로13번길 21, 2층",0507-1332-6043,35.15614,129.1215,17:30-23:30,월요일 휴무,https://www.busan.go.kr/vprivacy1,"백코스 ￦35,000 탄코스 ￦19,000",,마이페이지,ko,ok,,https://www.visitbusan.net/kr/index.do?menuCd=DOM_000000201002001000&uc_seq=2361&lang_cd=ko,2026-07-24T04:30:30.460Z
VisitBusanContent:food:2360:ko,food,2360,ko,아펙트,"수영구 무학로 64번길 31, 1층",0507-1307-7822,35.159874,129.12129,18:00-21:00,"일, 월요일 휴무",https://www.busan.go.kr/vprivacy1,"오징어세비체 ￦28,000 시금치 쉬림프 오일 소스 타야린 ￦25,000",,마이페이지,ko,ok,,https://www.visitbusan.net/kr/index.do?menuCd=DOM_000000201002001000&uc_seq=2360&lang_cd=ko,2026-07-24T04:30:31.279Z
VisitBusanContent:food:2359:ko,food,2359,ko,백일평냉,"수영구 남천바다로10번길 29, 1층",051-625-5515,35.148556,129.11166,11:30-15:30 / 17:00-19:00,연중 무휴,https://www.busan.go.kr/vprivacy1,"평양냉면 ￦13,000 비빔냉면 ￦13,000",,마이페이지,ko,ok,,https://www.visitbusan.net/kr/index.do?menuCd=DOM_000000201002001000&uc_seq=2359&lang_cd=ko,2026-07-24T04:30:32.174Z
VisitBusanContent:food:2358:ko,food,2358,ko,데일리럭키,수영구 수영로 540번길 7,0507-1330-1707,35.153927,129.11264,07:00-20:00,연중무휴,https://www.busan.go.kr/vprivacy1,"이탈리안햄치즈샌드 ￦9,200 당근라페 샌드위치 ￦8,700",,마이페이지,ko,ok,,https://www.visitbusan.net/kr/index.do?menuCd=DOM_000000201002001000&uc_seq=2358&lang_cd=ko,2026-07-24T04:30:33.124Z
VisitBusanContent:shopping:2670:ko,shopping,2670,ko,"서부산 쇼핑의 중심, 르네시떼",부산 사상구 광장로 7 르네시떼,051-319-5000,35.164616,128.97768,화~일 / 10:30~21:00,매주 월요일,https://www.busan.go.kr/vprivacy1,,,마이페이지,ko,ok,,https://www.visitbusan.net/kr/index.do?menuCd=DOM_000000201003001000&uc_seq=2670&lang_cd=ko,2026-07-24T04:30:34.058Z
VisitBusanContent:shopping:2662:ko,shopping,2662,ko,"부산의 분위기와 스토리를 담은 향수·라이프스타일 향 브랜드, 센티카",광안점: 부산 수영구 광안로 25 전포점: 부산 부산진구 전포대로199번길 12,광안점: 010-2922-1015 전포점: 010-9953-1219,35.1563,129.11546,"광안점, 전포점: 매일 11시~21시",,https://www.busan.go.kr/vprivacy1,,,마이페이지,ko,ok,,https://www.visitbusan.net/kr/index.do?menuCd=DOM_000000201003001000&uc_seq=2662&lang_cd=ko,2026-07-24T04:30:36.624Z
VisitBusanContent:shopping:2589:ko,shopping,2589,ko,"무지개다리에서 시작하는 골동품 여행, 문현동 골동품거리",부산광역시 남구 자유평화로57번길 33,,35.14279,129.06499,,,https://www.busan.go.kr/vprivacy1,,,마이페이지,ko,ok,,https://www.visitbusan.net/kr/index.do?menuCd=DOM_000000201003001000&uc_seq=2589&lang_cd=ko,2026-07-24T04:30:37.550Z
VisitBusanContent:shopping:2581:ko,shopping,2581,ko,바다처럼,부산 해운대구 우동1로38번길 15-1 1층,,35.165718,129.15836,매일 10:00~21:00,,https://www.instagram.com/pretty_whale.shop/,,,마이페이지,ko,ok,,https://www.visitbusan.net/kr/index.do?menuCd=DOM_000000201003001000&uc_seq=2581&lang_cd=ko,2026-07-24T04:30:38.457Z
VisitBusanContent:shopping:2580:ko,shopping,2580,ko,"1987년부터 운영된 전통있는 주방용품 전문점, 삼영그릇 탐방기",부산 해운대구 구남로41번길 5,,35.160862,129.16159,월~목 09:00~20:00 금~토 09:00~21:00,일요일,https://www.instagram.com/samyeong_jubang/,,,마이페이지,ko,ok,,https://www.visitbusan.net/kr/index.do?menuCd=DOM_000000201003001000&uc_seq=2580&lang_cd=ko,2026-07-24T04:30:39.372Z
VisitBusanContent:shopping:2579:ko,shopping,2579,ko,"달콤한 부산의 매력,",부산 해운대구 우동1로 13-29 1층,,35.163223,129.15552,매일 10:00~20:00,,https://busansand.co.kr/,"부산샌드 17,000원 / 산딸기샌드 18,000원 / 블루베리샌드 18,000원 / 초코샌드 18,000원",,마이페이지,ko,ok,,https://www.visitbusan.net/kr/index.do?menuCd=DOM_000000201003001000&uc_seq=2579&lang_cd=ko,2026-07-24T04:30:40.211Z
VisitBusanContent:shopping:2555:ko,shopping,2555,ko,미피 덕후 모여라!,부산광역시 영도구 와치로51번길 2,,35.088093,129.0609,월~금 - 11:00 ~ 22:00 (21:00 라스트 오더) 토~일 - 11:00 ~ 23:00 (22:00 라스트 오더),,https://www.instagram.com/miffy_cafe_busan/,,,마이페이지,ko,ok,,https://www.visitbusan.net/kr/index.do?menuCd=DOM_000000201003001000&uc_seq=2555&lang_cd=ko,2026-07-24T04:30:41.100Z
VisitBusanContent:shopping:2541:ko,shopping,2541,ko,"청사포에서 인생샷 찍고 소품 쇼핑까지, 부산슈퍼 청사포점",부산광역시 해운대구 청사포로 120 2층,051-780-2111,35.161224,129.19183,매일 10:00 ~ 18:00,,https://www.busan.go.kr/vprivacy1,,,마이페이지,ko,ok,,https://www.visitbusan.net/kr/index.do?menuCd=DOM_000000201003001000&uc_seq=2541&lang_cd=ko,2026-07-24T04:30:41.945Z
VisitBusanContent:shopping:2539:ko,shopping,2539,ko,엽서가 주는 아날로그 감성을 느끼고 싶다면? ‘포셋 전포’로!,부산 부산진구 전포대로223번길 20 C동 202호,0507-1317-8836,35.156708,129.0641,화~일 12:00~20:00,월요일,https://poset.co.kr,,,마이페이지,ko,ok,,https://www.visitbusan.net/kr/index.do?menuCd=DOM_000000201003001000&uc_seq=2539&lang_cd=ko,2026-07-24T04:30:42.778Z
VisitBusanContent:shopping:2537:ko,shopping,2537,ko,부드러운 색감과 감성 소품이 가득한 ‘오월상점’,부산 부산진구 전포대로209번길 9 1층,0507-1348-6526,35.155327,129.06458,월~금 - 12:00 ~ 21:00 (15:30 ~ 16:30 휴게시간) 토~일 - 12:00 ~ 21:00,,http://instagram.com/5maystore_3,,,마이페이지,ko,ok,,https://www.visitbusan.net/kr/index.do?menuCd=DOM_000000201003001000&uc_seq=2537&lang_cd=ko,2026-07-24T04:30:43.651Z
VisitBusanContent:shopping:2417:ko,shopping,2417,ko,구경만 하러 갔다가 지갑을 열게 되는 소품샵 ‘오브젝트 서면점’,부산 부산진구 전포대로209번길 11,051-808-7747,35.155327,129.06444,매일 12:00 ~ 21:00,,http://www.insideobject.com/index.html,,,마이페이지,ko,ok,,https://www.visitbusan.net/kr/index.do?menuCd=DOM_000000201003001000&uc_seq=2417&lang_cd=ko,2026-07-24T04:30:44.477Z
VisitBusanContent:shopping:2398:ko,shopping,2398,ko,딜라이트 프로젝트 해운대점,부산 해운대구 구남로 42 101호,051-747-5720,35.160458,129.16116,매일 11시~22시,,https://www.busan.go.kr/vprivacy1,,,마이페이지,ko,ok,,https://www.visitbusan.net/kr/index.do?menuCd=DOM_000000201003001000&uc_seq=2398&lang_cd=ko,2026-07-24T04:30:45.333Z
VisitBusanContent:shopping:2252:ko,shopping,2252,ko,"행복한 라이프스타일을 선물하는 소품샵, ‘페이퍼가든’",부산광역시 부산진구 전포대로210번길 8 2층,0507-1493-1611,35.15533,129.066,매일 11:00~22:00,,https://www.instagram.com/papergarden.korea,,,마이페이지,ko,ok,,https://www.visitbusan.net/kr/index.do?menuCd=DOM_000000201003001000&uc_seq=2252&lang_cd=ko,2026-07-24T04:30:46.245Z
VisitBusanContent:shopping:2241:ko,shopping,2241,ko,"부산의 매력을 가득 담은 도시브랜드숍, ‘BIG shop’",부산광역시 중구 광복로 87-1 부산광복동우체국,051-254-1210,35.09869,129.03448,매일 10:30~21:00,,https://www.instagram.com/busan_bigshop/?hl=ko,,,마이페이지,ko,ok,,https://www.visitbusan.net/kr/index.do?menuCd=DOM_000000201003001000&uc_seq=2241&lang_cd=ko,2026-07-24T04:30:47.130Z
VisitBusanContent:shopping:2165:ko,shopping,2165,ko,"키덜트들, 여기여기 모여라! 키덜트들의 방앗간, ‘아비베르컴퍼니’",부산 진구 동천로66 1층,0507-1342-6835,35.15461,129.06255,매일 11:00 - 23:00,,https://www.avivere.co.kr/,,,마이페이지,ko,ok,,https://www.visitbusan.net/kr/index.do?menuCd=DOM_000000201003001000&uc_seq=2165&lang_cd=ko,2026-07-24T04:30:47.993Z
VisitBusanContent:shopping:2141:ko,shopping,2141,ko,(2024)부산관광기념품10선 3기,,,35.179615,129.07797,,,http://jagalchiojimae.com//,,,마이페이지,ko,ok,address,https://www.visitbusan.net/kr/index.do?menuCd=DOM_000000201003001000&uc_seq=2141&lang_cd=ko,2026-07-24T04:30:48.883Z
VisitBusanContent:experience:2789:ko,experience,2789,ko,"부산의 아침을 함께 달린 따뜻한 하루, 모모스커피와 함께한 기부 러닝&플로깅 행사 후기",,,35.219234,129.08647,,,https://www.busan.go.kr/vprivacy1,,,마이페이지,ko,ok,address,https://www.visitbusan.net/kr/index.do?menuCd=DOM_000000202008001000&uc_seq=2789&lang_cd=ko,2026-07-24T04:30:49.749Z
VisitBusanContent:experience:2784:ko,experience,2784,ko,"부산에서 만나는 새로운 휴식, 부산다운 웰니스 커뮤니티",부산 금정구 놀이마당공원에서 만나 범어숲까지 함께 걸으며 자연 속에서 천천히 이야기를 나눕니다.,,35.046528,128.96274,,,https://www.instagram.com/lifeinspiredwithjuhee/,,,마이페이지,ko,ok,,https://www.visitbusan.net/kr/index.do?menuCd=DOM_000000202008001000&uc_seq=2784&lang_cd=ko,2026-07-24T04:30:50.609Z
VisitBusanContent:experience:2763:ko,experience,2763,ko,"부산 최고 수준의 시설을 자랑하는 웰메이드 소극장, KNN시어터","부산 해운대구 센텀서로 30, KNN타워 B1",051-664-8400,35.171837,129.12862,사무실 운영시간 월~금: 10:00 ~ 18:30,"토, 일: 휴무",https://nol.yanolja.com/ticket/products/26001679,,,마이페이지,ko,ok,,https://www.visitbusan.net/kr/index.do?menuCd=DOM_000000202008001000&uc_seq=2763&lang_cd=ko,2026-07-24T04:30:51.475Z
VisitBusanContent:experience:2755:ko,experience,2755,ko,부산교육역사관,부산광역시 사하구 옥천로 130,,35.096863,129.0111,"관람시간: 09:00~17:00 (월요일, 공휴일 휴관)","월요일, 공휴일 휴관",https://www.busan.go.kr/vprivacy1,,,마이페이지,ko,ok,,https://www.visitbusan.net/kr/index.do?menuCd=DOM_000000202008001000&uc_seq=2755&lang_cd=ko,2026-07-24T04:30:52.360Z
VisitBusanContent:experience:2704:ko,experience,2704,ko,"부산에서 만나는 특별한 한식 쿠킹클래스, 배로모디","부산광역시 중구 중앙대로 29번길 8, B1 배로모디",전화번호 010-9387-7816 인스타그램 @baeromodi 메일 baeromodi@gmail.com,35.100166,129.0357,,,https://www.baeromodi.com/,,,마이페이지,ko,ok,,https://www.visitbusan.net/kr/index.do?menuCd=DOM_000000202008001000&uc_seq=2704&lang_cd=ko,2026-07-24T04:30:53.246Z
VisitBusanContent:experience:2703:ko,experience,2703,ko,오륜대 초록신선이야기,부산 금정구 오륜동,,35.24602,129.117,"2026년 4월 25일(토), 5월 23일(토), 6월 27일(토), 7월 11일(토), 9월 19일(토), 10월 24일(토) 오전 7시 ~ 9시",,https://smartstore.naver.com/5cycle,,,마이페이지,ko,ok,,https://www.visitbusan.net/kr/index.do?menuCd=DOM_000000202008001000&uc_seq=2703&lang_cd=ko,2026-07-24T04:30:54.096Z
VisitBusanContent:experience:2586:ko,experience,2586,ko,브레이크 아웃 이스케이프: 부산의 숨은 모험을 깨우다,해운대점: 부산 해운대구 해운대해변로 291 크리스탈비치오피스텔 609호 광안리점: 부산 수영구 남천바다로 33번길 47 마린빌딩 2층,해운대점: 0507-1404-0837 광안리점: 0507-1449-9104,35.160736,129.16245,매일 10:00~23:00,연중무휴,https://busan.breakoutescapegame.com/ko/,,,마이페이지,ko,ok,,https://www.visitbusan.net/kr/index.do?menuCd=DOM_000000202008001000&uc_seq=2586&lang_cd=ko,2026-07-24T04:30:54.928Z
VisitBusanContent:experience:2557:ko,experience,2557,ko,"일상 속 영감을 채우는 공간, 사바이사바이 전포","부산 진구 전포대로223번길 19, a동 1층 사바이사바이",010-6832-3648,35.15641,129.06404,,"매주 목요일 휴무, 이외 요일 정상운영 / 12시-19시",https://www.busan.go.kr/vprivacy1,,,마이페이지,ko,ok,,https://www.visitbusan.net/kr/index.do?menuCd=DOM_000000202008001000&uc_seq=2557&lang_cd=ko,2026-07-24T04:30:55.877Z
VisitBusanContent:experience:2410:ko,experience,2410,ko,권은비 X 빠니보틀! 이번엔 아이더 샬레로 부산 정복!,,,35.28047,129.0506,,,https://youtu.be/ok0TWQWnaIM?feature=shared,,,마이페이지,ko,ok,address,https://www.visitbusan.net/kr/index.do?menuCd=DOM_000000202008001000&uc_seq=2410&lang_cd=ko,2026-07-24T04:30:56.859Z
VisitBusanContent:experience:2401:ko,experience,2401,ko,부산 오키친 쿠킹하우스,부산광역시 해운대구 센텀북대로 60 센텀IS타워 12층 오키친 쿠킹하우스,080-024-2311,35.174942,129.12723,,,https://www.otoki.com/brand/oKitchen,,,마이페이지,ko,ok,,https://www.visitbusan.net/kr/index.do?menuCd=DOM_000000202008001000&uc_seq=2401&lang_cd=ko,2026-07-24T04:30:57.789Z
VisitBusanContent:experience:2397:ko,experience,2397,ko,"체험하며 만나는 진짜 부산 바다, 공수어촌체험휴양마을",부산광역시 기장군 기장읍 공수1길 18,051-723-1919,35.183426,129.21175,,,https://cms.seantour.com/BS003/index.do,,,마이페이지,ko,ok,,https://www.visitbusan.net/kr/index.do?menuCd=DOM_000000202008001000&uc_seq=2397&lang_cd=ko,2026-07-24T04:30:58.659Z
VisitBusanContent:experience:2309:ko,experience,2309,ko,"부산 e스포츠 경기장, 새로운 차원의 스포츠를 만나다!","부산광역시 부산진구 중앙대로 672 삼정타워 15, 16층",0507-1472-5330,35.153015,129.0596,화요일~일요일 11:00~20:00,매주 월요일,http://www.brena.or.kr,,,마이페이지,ko,ok,,https://www.visitbusan.net/kr/index.do?menuCd=DOM_000000202008001000&uc_seq=2309&lang_cd=ko,2026-07-24T04:30:59.514Z
VisitBusanContent:experience:2308:ko,experience,2308,ko,강아지를 위한 넓은 천연잔디 운동장&카페 ‘그랑독’,부산광역시 강서구 가락대로 1274 (봉림동)그랑독,010-5768-3379,35.178677,128.9015,"월요일~수요일, 금요일 11:00~19:00 / 주말 10:00~19:00",매주 목요일 정기휴무,https://www.instagram.com/grandog_official/,,,마이페이지,ko,ok,,https://www.visitbusan.net/kr/index.do?menuCd=DOM_000000202008001000&uc_seq=2308&lang_cd=ko,2026-07-24T04:31:00.333Z
VisitBusanContent:experience:2307:ko,experience,2307,ko,"스포츠 덕후들의 성지, 켈틱타이거",부산광역시 부산진구 서면로 38,0507-1337-8013,35.154106,129.05801,"화~목, 일 17:00~02:00 / 금~토 17:00~03:00",매주 월요일 휴무,https://www.busan.go.kr/vprivacy1,,,마이페이지,ko,ok,,https://www.visitbusan.net/kr/index.do?menuCd=DOM_000000202008001000&uc_seq=2307&lang_cd=ko,2026-07-24T04:31:01.244Z
VisitBusanContent:experience:2306:ko,experience,2306,ko,"초보자도 환영! 실내 클라이밍의 짜릿함, ‘웨이브락 클라이밍’",부산광역시 수영구 장대골로 41,0507-1416-4226,35.15925,129.10902,월요일~금요일 12:00~22:30 / 토요일~일요일 10:00~21:00,,http://waverock.co.kr,,,마이페이지,ko,ok,,https://www.visitbusan.net/kr/index.do?menuCd=DOM_000000202008001000&uc_seq=2306&lang_cd=ko,2026-07-24T04:31:02.125Z
VisitBusanContent:experience:2304:ko,experience,2304,ko,"반려견을 위한 체계적인 놀이공간, ‘BSKS 반려동물교육문화센터’",부산광역시 연제구 고분로 181,051-850-1340,35.185795,129.10222,화요일~토요일 10:00~16:50,"매주 일요일, 월요일",https://detc.bsks.ac.kr/detc/,,,마이페이지,ko,ok,,https://www.visitbusan.net/kr/index.do?menuCd=DOM_000000202008001000&uc_seq=2304&lang_cd=ko,2026-07-24T04:31:03.032Z
VisitBusanContent:course:2788:ko,course,2788,ko,"여름을 수놓는 보랏빛 풍경, 2026 제16회 태종대 수국꽃 문화축제","부산광역시 영도구 전망로 119, 태종대유원지 태종사 및 체육공원 일원",,35.05597,129.08975,,,https://www.busan.go.kr/vprivacy1,,,마이페이지,ko,ok,,https://www.visitbusan.net/kr/index.do?menuCd=DOM_000000202012001000&uc_seq=2788&lang_cd=ko,2026-07-24T04:31:03.901Z
VisitBusanContent:course:2624:ko,course,2624,ko,"연말과 새해를 한 번에, 부산 무박 2일 신년맞이 일출 여행 코스",부산광역시 영도구 전망로 24,,35.050392,129.08827,,,https://www.busanaircruise.co.kr,,,마이페이지,ko,ok,,https://www.visitbusan.net/kr/index.do?menuCd=DOM_000000202012001000&uc_seq=2624&lang_cd=ko,2026-07-24T04:31:04.735Z
VisitBusanContent:course:2606:ko,course,2606,ko,가을빛 따라 걷는 1박 2일 부산 여행,부산 해운대구 장산로 331-18,,35.18112,129.1679,,,https://clubdoasis.com/,,,마이페이지,ko,ok,,https://www.visitbusan.net/kr/index.do?menuCd=DOM_000000202012001000&uc_seq=2606&lang_cd=ko,2026-07-24T04:31:05.635Z
VisitBusanContent:course:2565:ko,course,2565,ko,추석에 떠나는 부산 가족여행 1박2일 코스,부산 기장군 기장읍 용궁길 86,0507-1367-0631,35.188393,129.22316,,,https://www.bluelinepark.com/,,,마이페이지,ko,ok,,https://www.visitbusan.net/kr/index.do?menuCd=DOM_000000202012001000&uc_seq=2565&lang_cd=ko,2026-07-24T04:31:06.527Z
VisitBusanContent:course:2318:ko,course,2318,ko,2박 3일 웰니스로 채우는 휴식과 회복의 시간,부산 기장군 정관읍 병산로 303-1,0507-1359-4642,35.352783,129.18697,,,https://blog.naver.com/hooni4642,,,마이페이지,ko,ok,,https://www.visitbusan.net/kr/index.do?menuCd=DOM_000000202012001000&uc_seq=2318&lang_cd=ko,2026-07-24T04:31:07.389Z
VisitBusanContent:course:2289:ko,course,2289,ko,여행도 합리적으로! 1박 2일 부산 저소비 여행,,0507-1490-6705,35.113518,129.03073,,,https://www.instagram.com/youngjumansion/?hl=ko,,,마이페이지,ko,ok,address,https://www.visitbusan.net/kr/index.do?menuCd=DOM_000000202012001000&uc_seq=2289&lang_cd=ko,2026-07-24T04:31:08.347Z
VisitBusanContent:course:2211:ko,course,2211,ko,"겨울빛 따라 영도에서 광복로까지, 로컬 감성 물씬 당일 추천코스",부산광역시 영도구 청학남로 1 2층,0507-1369-0379,35.09032,129.0579,,,https://app.catchtable.co.kr/ct/shop/sweetcochonnet,,,마이페이지,ko,ok,,https://www.visitbusan.net/kr/index.do?menuCd=DOM_000000202012001000&uc_seq=2211&lang_cd=ko,2026-07-24T04:31:09.165Z
VisitBusanContent:course:2207:ko,course,2207,ko,여행하길 참 잘했어! 걸음걸음 의미 있는,부산광역시 금정구 오륜대로 262 륜 빌리지 Ryun Village,0507-1485-8591,35.11967,129.04128,,,https://www.instagram.com/cafe_kukan/,,,마이페이지,ko,ok,,https://www.visitbusan.net/kr/index.do?menuCd=DOM_000000202012001000&uc_seq=2207&lang_cd=ko,2026-07-24T04:31:10.037Z
VisitBusanContent:course:2190:ko,course,2190,ko,"자연과 예술, 맛집이 꽁냥꽁냥! 아티스틱 서부산 1박2일",부산 사상구 대동로107번길 17 오르디 (ORRD),0507-1374-8669,35.079704,129.06306,,,https://www.instagram.com/orrd_busan/,,,마이페이지,ko,ok,,https://www.visitbusan.net/kr/index.do?menuCd=DOM_000000202012001000&uc_seq=2190&lang_cd=ko,2026-07-24T04:31:10.944Z
VisitBusanContent:course:2171:ko,course,2171,ko,글귀 따라 써 내려가는 혼자만의 시간,부산광역시 기장군 기장읍 기장해안로 268-32,051-604-7222,35.170174,129.09285,,,https://ananti.kr/ko/cove/CV0501,,,마이페이지,ko,ok,,https://www.visitbusan.net/kr/index.do?menuCd=DOM_000000202012001000&uc_seq=2171&lang_cd=ko,2026-07-24T04:31:11.853Z
VisitBusanContent:course:2076:ko,course,2076,ko,제로베이스원이 PICK한 여행코스는 어디? (2일차),부산광역시 기장군 기장읍 기장해안로 267-7,051-662-7100,35.19877,129.2213,,,https://visitbusan.net/index.do?menuCd=DOM_000000201004001000&uc_seq=2035&lang_cd=ko,,,마이페이지,ko,ok,,https://www.visitbusan.net/kr/index.do?menuCd=DOM_000000202012001000&uc_seq=2076&lang_cd=ko,2026-07-24T04:31:12.693Z
VisitBusanContent:course:2075:ko,course,2075,ko,제로베이스원이 PICK한 여행코스는 어디? (1일차),부산광역시 수영구 민락수변로17번길 56,051-253-8253,35.10337,129.02666,,,https://www.visitbusan.net/kr/index.do?menuCd=DOM_000000201001001000&uc_seq=272&lang_cd=ko,,,마이페이지,ko,ok,,https://www.visitbusan.net/kr/index.do?menuCd=DOM_000000202012001000&uc_seq=2075&lang_cd=ko,2026-07-24T04:31:13.620Z
VisitBusanContent:course:2074:ko,course,2074,ko,망양로에서 만나는 다채로운 빛깔,,051-462-1020,35.118374,129.02936,,,http://www.demopark.or.kr/,,,마이페이지,ko,ok,address,https://www.visitbusan.net/kr/index.do?menuCd=DOM_000000202012001000&uc_seq=2074&lang_cd=ko,2026-07-24T04:31:14.518Z
VisitBusanContent:course:1962:ko,course,1962,ko,"방학만을 기다려왔다, 아이들과 놀기 좋은 부산에서 신나는 2박 3일!",부산 수영구 광안해변로54번길 222 광안리해양레포츠센터,051-337-4087,35.213444,129.00575,,,http://icerink.busan.kr/html/,,,마이페이지,ko,ok,,https://www.visitbusan.net/kr/index.do?menuCd=DOM_000000202012001000&uc_seq=1962&lang_cd=ko,2026-07-24T04:31:15.450Z
VisitBusanContent:course:1883:ko,course,1883,ko,"이동 최소, 재미 최대! 중구에서 즐기는 ‘시성비 여행’",,0507-1404-4090,35.10257,129.03214,,,https://www.docomoto.com/,,,마이페이지,ko,ok,address,https://www.visitbusan.net/kr/index.do?menuCd=DOM_000000202012001000&uc_seq=1883&lang_cd=ko,2026-07-24T04:31:16.338Z
VisitBusanContent:course:1773:ko,course,1773,ko,겨울 호기심 천국 1박2일 체험 코스,부산광역시 기장군 철마면 입석길 6,010-7420-1813,35.168655,129.12885,,,https://www.busan.go.kr/vprivacy1,,,마이페이지,ko,ok,,https://www.visitbusan.net/kr/index.do?menuCd=DOM_000000202012001000&uc_seq=1773&lang_cd=ko,2026-07-24T04:31:17.183Z
VisitBusanContent:attraction:2753:en,attraction,2753,en,,,,35.161175,129.16803,,,https://www.busan.go.kr/vprivacy1,,,my page,en,title_missing,title;address,https://www.visitbusan.net/en/index.do?menuCd=DOM_000000201001001000&uc_seq=2753&lang_cd=en,2026-07-24T04:31:18.004Z
VisitBusanContent:attraction:2678:en,attraction,2678,en,The Little Prince House in Gamcheon Culture Village,"200, Gamnae 1-ro, Saha-gu, Busan (formerly Gamnae Eoulteo)",,35.09775,129.00851,Daily 9:00-18:00,,https://www.busan.go.kr/vprivacy1,,,my page,en,ok,,https://www.visitbusan.net/en/index.do?menuCd=DOM_000000201001001000&uc_seq=2678&lang_cd=en,2026-07-24T04:31:18.856Z
VisitBusanContent:attraction:2612:en,attraction,2612,en,Hoedong Reservoir Trail: A Lakeside Walk in the Heart of the City,"352-3 Oryun-dong, Geumjeong-gu, Busan",,35.245823,129.11913,,,https://www.busan.go.kr/vprivacy1,,,my page,en,ok,,https://www.visitbusan.net/en/index.do?menuCd=DOM_000000201001001000&uc_seq=2612&lang_cd=en,2026-07-24T04:31:19.753Z
VisitBusanContent:attraction:2598:en,attraction,2598,en,A Story That Begins with Wire: A Walk through the KISWIRE Museum,"63, Gurak-ro 141beon-gil, Suyeong-gu, Busan",,35.177723,129.11348,Tue–Sat 9:00–17:00,Sundays and Mondays,http://kiswiremuseum.com/en/,,,my page,en,ok,,https://www.visitbusan.net/en/index.do?menuCd=DOM_000000201001001000&uc_seq=2598&lang_cd=en,2026-07-24T04:31:20.569Z
VisitBusanContent:attraction:2594:en,attraction,2594,en,Choryang Ibagu-gil: A Storytelling Walk through History,"865-48, Choryang-dong, Dong-gu, Busan",,35.11814,129.03362,,,https://www.busan.go.kr/vprivacy1,,,my page,en,ok,,https://www.visitbusan.net/en/index.do?menuCd=DOM_000000201001001000&uc_seq=2594&lang_cd=en,2026-07-24T04:31:21.389Z
VisitBusanContent:food:2386:en,food,2386,en,Hytte roastery Jeonpo Branch (히떼로스터리 전포점),"2F, 59, Dongseong-ro, Busanjin-gu",070-7607-7060,35.15574,129.06819,10:00-20:00,Open every day,https://www.busan.go.kr/vprivacy1,"Filtered coffee ￦6,000 Cafe latte ￦5,500",,my page,en,ok,,https://www.visitbusan.net/en/index.do?menuCd=DOM_000000201002001000&uc_seq=2386&lang_cd=en,2026-07-24T04:31:22.216Z
VisitBusanContent:food:2384:en,food,2384,en,Woobong Shabu,"127, Cheongsapo-ro, Haeundae-gu",0507-1349-9256,35.1607,129.19267,11:00-15:00 / 17:00-21:00,Closed on Mondays,https://www.busan.go.kr/vprivacy1,"Korean beef brisket shabu shabu (1 person) ￦19,000 Set for 2 ￦58,000",,my page,en,ok,,https://www.visitbusan.net/en/index.do?menuCd=DOM_000000201002001000&uc_seq=2384&lang_cd=en,2026-07-24T04:31:23.081Z
VisitBusanContent:food:2381:en,food,2381,en,GOGIHYUNG(고기형),"22, Suyeong-ro 679beon-gil, Suyeong-gu",0507-1445-9312,35.166687,129.11377,17:00-02:00,Open every day,https://www.busan.go.kr/vprivacy1,"Meat-eaters set(for 2) ￦125,000 Hanwoo beef tongue(100g) ￦25,000",,my page,en,ok,,https://www.visitbusan.net/en/index.do?menuCd=DOM_000000201002001000&uc_seq=2381&lang_cd=en,2026-07-24T04:31:23.925Z
VisitBusanContent:food:2379:en,food,2379,en,Daeseong Galchi Jjigaegui (대성갈치찌개구이),"9, Daebyeon 2-gil, Gijang-eup, Gijang-gun",051-721-2289,35.2239,129.23161,11:00-20:30,Open every day,https://www.busan.go.kr/vprivacy1,"Galchi Jjigae(cutlassfish stew) for 1 ￦43,000 Galchi Gui(grilled cutlassfish) for 1 ￦43,000",,my page,en,ok,,https://www.visitbusan.net/en/index.do?menuCd=DOM_000000201002001000&uc_seq=2379&lang_cd=en,2026-07-24T04:31:24.731Z
VisitBusanContent:food:2371:en,food,2371,en,Yeonhwa bakery,"12, Saessak-ro 265beon-gil, Busanjin-gu",+81-507-1415-4191,35.179752,129.04688,11:00-18:00,Closed on Tuesdays and Wednesdays,https://www.busan.go.kr/vprivacy1,Cake(price may vary) Seasonal flavors Baked goods(price may vary) Monthly flavors,,my page,en,ok,,https://www.visitbusan.net/en/index.do?menuCd=DOM_000000201002001000&uc_seq=2371&lang_cd=en,2026-07-24T04:31:25.539Z
VisitBusanContent:shopping:2670:en,shopping,2670,en,"Renecite, The Hub of Shopping in West Busan","7, Gwangjang-ro, Sasang-gu, Busan",+82-51-319-5000,35.164616,128.97768,Tue–Sun / 10:30–21:00,Mondays,https://www.busan.go.kr/vprivacy1,,,my page,en,ok,,https://www.visitbusan.net/en/index.do?menuCd=DOM_000000201003001000&uc_seq=2670&lang_cd=en,2026-07-24T04:31:26.417Z
VisitBusanContent:shopping:2662:en,shopping,2662,en,SCENTICA: A Fragrance and Lifestyle Brand Capturing the Spirit of Busan,"Gwangalli: 25 Gwangalli-ro, Suyeong-gu, Busan Jeonpo: 12, Jeonpo-daero 199beon-gil, Busanjin-gu, Busan",Gwangalli: 010-2922-1015 Jeonpo: 010-9953-1219,35.1563,129.11546,"Gwangalli, Jeonpo: Daily, 11:00 AM – 9:00 PM",,https://www.busan.go.kr/vprivacy1,,,my page,en,ok,,https://www.visitbusan.net/en/index.do?menuCd=DOM_000000201003001000&uc_seq=2662&lang_cd=en,2026-07-24T04:31:27.258Z
VisitBusanContent:shopping:2589:en,shopping,2589,en,Munhyeon-dong Antiques Street—An Antique Journey Beginning at the Rainbow Bridge,"33, Jayupyeonghwa-ro 57beon-gil, Nam-gu, Busan",,35.14279,129.06499,,,https://www.busan.go.kr/vprivacy1,,,my page,en,ok,,https://www.visitbusan.net/en/index.do?menuCd=DOM_000000201003001000&uc_seq=2589&lang_cd=en,2026-07-24T04:31:28.103Z
VisitBusanContent:shopping:2581:en,shopping,2581,en,"A Special Journey in Haeridan-gil street,","1F, 15-1, Udong 1-ro 38beon-gil, Haeundae-gu, Busan",,35.165718,129.15836,,,https://www.instagram.com/pretty_whale.shop/,,,my page,en,ok,,https://www.visitbusan.net/en/index.do?menuCd=DOM_000000201003001000&uc_seq=2581&lang_cd=en,2026-07-24T04:31:28.958Z
VisitBusanContent:shopping:2580:en,shopping,2580,en,Exploring,"5, Gunam-ro 41beon-gil, Haeundae-gu, Busan",,35.160862,129.16159,,Sundays,https://www.busan.go.kr/vprivacy1,,,my page,en,ok,,https://www.visitbusan.net/en/index.do?menuCd=DOM_000000201003001000&uc_seq=2580&lang_cd=en,2026-07-24T04:31:30.310Z
VisitBusanContent:experience:2789:en,experience,2789,en,,,,35.219234,129.08647,,,https://www.busan.go.kr/vprivacy1,,,my page,en,title_missing,title;address,https://www.visitbusan.net/en/index.do?menuCd=DOM_000000202008001000&uc_seq=2789&lang_cd=en,2026-07-24T04:31:31.257Z
VisitBusanContent:experience:2784:en,experience,2784,en,,,,35.046528,128.96274,,,https://www.busan.go.kr/vprivacy1,,,my page,en,title_missing,title;address,https://www.visitbusan.net/en/index.do?menuCd=DOM_000000202008001000&uc_seq=2784&lang_cd=en,2026-07-24T04:31:32.086Z
VisitBusanContent:experience:2763:en,experience,2763,en,,"B1, KNN Tower, 30 Centumseo-ro, Haeundae-gu, Busan",+82 51-664-8402,35.171837,129.12862,Office Hours Mon–Fri: 10:00 AM – 6:30 PM,Sat–Sun: Closed,https://s.klook.com/c/vw7E_2xMyW,,,my page,en,title_missing,title,https://www.visitbusan.net/en/index.do?menuCd=DOM_000000202008001000&uc_seq=2763&lang_cd=en,2026-07-24T04:31:32.930Z
VisitBusanContent:experience:2755:en,experience,2755,en,,,,35.096863,129.0111,,,https://www.busan.go.kr/vprivacy1,,,my page,en,title_missing,title;address,https://www.visitbusan.net/en/index.do?menuCd=DOM_000000202008001000&uc_seq=2755&lang_cd=en,2026-07-24T04:31:33.731Z
VisitBusanContent:experience:2704:en,experience,2704,en,BAEROMODI: A Special Korean Cooking Class in Busan,"8, Jungang-daero 29beon-gil, Jung-gu, Busan, Republic of Korea (48956)",- Phone: +82)10-9387-7816 - Instagram: @baeromodi - Email: baeromodi@gmail.com,35.100166,129.0357,,,https://www.baeromodi.com/,,,my page,en,ok,,https://www.visitbusan.net/en/index.do?menuCd=DOM_000000202008001000&uc_seq=2704&lang_cd=en,2026-07-24T04:31:34.634Z
VisitBusanContent:course:2788:en,course,2788,en,,"119 Jeonmang-ro, Yeongdo-gu, Busan (Taejongsa Temple and Sports Park at Taejongdae Resort Park)",,35.05597,129.08975,,,https://www.busan.go.kr/vprivacy1,,,my page,en,title_missing,title,https://www.visitbusan.net/en/index.do?menuCd=DOM_000000202012001000&uc_seq=2788&lang_cd=en,2026-07-24T04:31:35.493Z
VisitBusanContent:course:2624:en,course,2624,en,"Countdown to Sunrise: A No-Overnight, Two-Day Year-End Trip in Busan",,,35.050392,129.08827,,,https://www.busanaircruise.co.kr,,,my page,en,ok,address,https://www.visitbusan.net/en/index.do?menuCd=DOM_000000202012001000&uc_seq=2624&lang_cd=en,2026-07-24T04:31:36.362Z
VisitBusanContent:course:2606:en,course,2606,en,A 2-Day Busan Getaway Following the Colors of Autumn,,51-746-3333,35.18112,129.1679,,,https://clubdoasis.com/,,,my page,en,ok,address,https://www.visitbusan.net/en/index.do?menuCd=DOM_000000202012001000&uc_seq=2606&lang_cd=en,2026-07-24T04:31:37.229Z
VisitBusanContent:course:2565:en,course,2565,en,A Family Trip to Busan for Chuseok,,82-507-1367,35.188393,129.22316,,,https://www.bluelinepark.com/,,,my page,en,ok,address,https://www.visitbusan.net/en/index.do?menuCd=DOM_000000202012001000&uc_seq=2565&lang_cd=en,2026-07-24T04:31:38.105Z
VisitBusanContent:course:2318:en,course,2318,en,A Relaxing Break To Help You Unwind And Recharge,,82-507-1436,35.352783,129.18697,,,https://blog.naver.com/hooni4642,,,my page,en,ok,address,https://www.visitbusan.net/en/index.do?menuCd=DOM_000000202012001000&uc_seq=2318&lang_cd=en,2026-07-24T04:31:39.044Z
